{"mean": [8.962623119354248, 2.1263344138860703, 1.813432864844799, 2.108196407556534, 9.985283076763153, 2.4979384690523148, 2.1951607018709183, 2.306787595152855, 7.069859445095062, 1.340472973883152, 1.5201308280229568, 1.7935131639242172, 34.50466310977936, 2.154960360378027, 2.5110627561807632, 2.603295460343361, 8.502304911613464, 1.9004256278276443, 1.652053028345108, 1.9803142547607422, 11.66394829750061, 2.5016711056232452, 2.1513785868883133, 2.0604511499404907, 7.927987217903137, 1.8153950870037079, 1.5636199787259102, 2.428626701235771, 8.484831988811493, 1.6627626493573189, 2.1704630851745605, 2.853188991546631, 8.559602856636047, 2.0975673273205757, 2.5349580347537994, 2.396834671497345, 9.047840356826782, 2.0714120864868164, 2.5264880806207657, 2.391605868935585, 7.132338881492615, 1.7996404767036438, 2.144950956106186, 2.151904284954071, 8.129956126213074, 2.0422900170087814, 2.1199454069137573, 2.294315740466118, 9.515681743621826, 1.5232632607221603, 2.3200705498456955, 3.4076435267925262, 13.909797668457031, 1.6437421590089798, 2.492152839899063, 4.617399096488953, 0.6012454451993108, 0.4993255827575922, 0.0801368800457567, 0.371604073792696, 0.38172782864421606, 0.1985911978990771, 0.8144874144345522, 0.9909319579601288, 0.80978231318295, -0.1526324035366997, 0.6068430943414569, 0.4245623272145167, 1.9329773485660553, 5.264411948621273, -0.16359624487813562], "std": [3.7432144813646997, 1.237632987058625, 0.8611504114319226, 0.4182446798633216, 4.470853132885026, 1.184596707922425, 0.5951788683576056, 0.41977096258835667, 5.773318344060641, 0.9465628034570472, 0.8451496105762669, 0.5397613643994911, 58.860020544322325, 2.5907307432938405, 2.2187228284440077, 1.9569187735172937, 2.765230529579372, 0.9758937763220638, 0.7653580173244717, 0.4645491447909589, 1.9322912370640346, 0.6578423883520493, 0.5795232210650115, 0.4194582797927649, 3.194155555291985, 0.8202094832419247, 0.6626478370904496, 0.470055671672865, 3.342304281198357, 0.8251573039912006, 0.5184602907322147, 0.28729074079045713, 3.067966897738695, 1.0492401614687548, 0.531971645477511, 0.24790574725900144, 3.583838653839837, 1.1786821163745462, 0.47583458014681285, 0.3496147312282848, 3.0989550063636004, 0.9689876028245943, 0.5116447018940115, 0.28844738644473805, 3.2416044536124233, 0.8823629744690642, 0.48167956961587477, 0.33352347578507296, 2.701063269071213, 1.0241541959752027, 0.33659314908329974, 0.28117443082789945, 3.131245398366464, 0.9402475620166261, 0.20970804781242094, 0.32970762442218804, 0.6720322850836475, 0.8871785329179849, 0.31049121498765875, 0.4841547826132817, 0.4525437216729804, 0.1857878426726351, 1.7166886504845975, 1.49146194173399, 1.4937803317973244, 0.45466820662969976, 0.3141175092182553, 0.35635950132690847, 1.1180134826440191, 6.162843301914984, 3.4849716460157096], "names": ["AF3:std", "AF3:theta_log_power", "AF3:alpha_log_power", "AF3:beta_log_power", "AF4:std", "AF4:theta_log_power", "AF4:alpha_log_power", "AF4:beta_log_power", "F3:std", "F3:theta_log_power", "F3:alpha_log_power", "F3:beta_log_power", "F4:std", "F4:theta_log_power", "F4:alpha_log_power", "F4:beta_log_power", "F7:std", "F7:theta_log_power", "F7:alpha_log_power", "F7:beta_log_power", "F8:std", "F8:theta_log_power", "F8:alpha_log_power", "F8:beta_log_power", "FC5:std", "FC5:theta_log_power", "FC5:alpha_log_power", "FC5:beta_log_power", "FC6:std", "FC6:theta_log_power", "FC6:alpha_log_power", "FC6:beta_log_power", "O1:std", "O1:theta_log_power", "O1:alpha_log_power", "O1:beta_log_power", "O2:std", "O2:theta_log_power", "O2:alpha_log_power", "O2:beta_log_power", "P7:std", "P7:theta_log_power", "P7:alpha_log_power", "P7:beta_log_power", "P8:std", "P8:theta_log_power", "P8:alpha_log_power", "P8:beta_log_power", "T7:std", "T7:theta_log_power", "T7:alpha_log_power", "T7:beta_log_power", "T8:std", "T8:theta_log_power", "T8:alpha_log_power", "T8:beta_log_power", "F7/F8:theta_asym", "F7/F8:alpha_asym", "F7/F8:beta_asym", "AF3/AF4:theta_asym", "AF3/AF4:alpha_asym", "AF3/AF4:beta_asym", "F3/F4:theta_asym", "F3/F4:alpha_asym", "F3/F4:beta_asym", "FC5/FC6:theta_asym", "FC5/FC6:alpha_asym", "FC5/FC6:beta_asym", "frontal_midline_theta", "erp_p300", "erp_frn"]}