{"mean": [17.96031880378723, 3.4562834948301315, 1.896747812628746, 2.137255981564522, 29.511731028556824, 4.155430346727371, 2.6453206911683083, 2.6171849220991135, 7.674533188343048, 1.6719575971364975, 0.8616732229711488, 1.8289134204387665, 55.275946855545044, 3.8139786329120398, 3.584353744983673, 4.768460810184479, 16.949710369110107, 3.2343169897794724, 2.261798247694969, 2.703805685043335, 28.361544013023376, 4.352700814604759, 3.3778438419103622, 3.355355381965637, 25.796449065208435, 3.6934883892536163, 1.89536302536726, 2.6147161573171616, 12.271951377391815, 2.410660780966282, 2.1545205861330032, 2.7530000805854797, 12.05536699295044, 2.658889517188072, 1.9351676851511002, 2.3901554197072983, 18.1355898976326, 3.316594548523426, 2.422697514295578, 3.3333707451820374, 20.847358107566833, 2.8257172256708145, 1.7821966782212257, 1.9374001920223236, 19.192804992198944, 3.529891349375248, 2.24974924325943, 3.1374520659446716, 16.21568465232849, 2.955274820327759, 2.0299167819321156, 2.9817546904087067, 24.156603693962097, 3.682723306119442, 2.481728881597519, 3.3564142286777496, 1.1183837987482548, 1.1160456240177155, 0.6515496857464314, 0.6991467326879501, 0.7485728203610051, 0.4799289349466562, 2.142020981758833, 2.722680553793907, 2.9395473301410675, -1.282827664166689, 0.25915755331516266, 0.13828386552631855, 3.2002998739480972, -8.677857249975204, -5.844268094748259], "std": [7.179918120984161, 1.5154254054199268, 0.5884394180122408, 0.3856562673259155, 15.559198790000618, 1.8262568797025966, 0.9947785932311954, 0.5915464317590418, 2.934109428354608, 0.6604134981751706, 0.7232421785976706, 0.5636831902460961, 46.28681492729372, 2.547182362966477, 1.8930600145616445, 1.139068828314433, 7.333368935175692, 1.7265768495727416, 0.7120716709172169, 0.36071081063179244, 12.190382031947884, 1.3328146923408228, 0.8822530164163083, 0.32919731223136556, 15.398226392255633, 0.8118852259990105, 0.6043177842333655, 0.6180787606324403, 6.967943979604783, 1.2028195056484872, 1.0739791365860303, 0.6632637070773294, 5.153723672725044, 1.1198223014604705, 0.716555491967403, 0.4008658713777905, 7.206588180777963, 1.3711714427373465, 0.8359445623672663, 0.5348116542034078, 17.67434598665577, 1.3512017791903124, 0.7469846786858064, 0.6705302652633925, 8.376139396092105, 1.636267474643987, 0.8208184736614629, 0.593450696295638, 7.878000212446532, 1.267349842809048, 0.9390150265658381, 0.6186502572934383, 12.826173342716407, 1.6843534133061133, 1.0250889369302536, 0.5943297481476063, 1.030095030475845, 0.5202208814688641, 0.21299989888303272, 0.4467985734727257, 0.5543251293404646, 0.28515282849546914, 2.2882770388541673, 1.2898959169190571, 0.8017086609980867, 0.7390571135071903, 0.7996249878477393, 0.21752690131205601, 1.2450047609286863, 17.312883447665524, 14.571324014462578], "names": ["AF3:std", "AF3:theta_log_power", "AF3:alpha_log_power", "AF3:beta_log_power", "AF4:std", "AF4:theta_log_power", "AF4:alpha_log_power", "AF4:beta_log_power", "F3:std", "F3:theta_log_power", "F3:alpha_log_power", "F3:beta_log_power", "F4:std", "F4:theta_log_power", "F4:alpha_log_power", "F4:beta_log_power", "F7:std", "F7:theta_log_power", "F7:alpha_log_power", "F7:beta_log_power", "F8:std", "F8:theta_log_power", "F8:alpha_log_power", "F8:beta_log_power", "FC5:std", "FC5:theta_log_power", "FC5:alpha_log_power", "FC5:beta_log_power", "FC6:std", "FC6:theta_log_power", "FC6:alpha_log_power", "FC6:beta_log_power", "O1:std", "O1:theta_log_power", "O1:alpha_log_power", "O1:beta_log_power", "O2:std", "O2:theta_log_power", "O2:alpha_log_power", "O2:beta_log_power", "P7:std", "P7:theta_log_power", "P7:alpha_log_power", "P7:beta_log_power", "P8:std", "P8:theta_log_power", "P8:alpha_log_power", "P8:beta_log_power", "T7:std", "T7:theta_log_power", "T7:alpha_log_power", "T7:beta_log_power", "T8:std", "T8:theta_log_power", "T8:alpha_log_power", "T8:beta_log_power", "F7/F8:theta_asym", "F7/F8:alpha_asym", "F7/F8:beta_asym", "AF3/AF4:theta_asym", "AF3/AF4:alpha_asym", "AF3/AF4:beta_asym", "F3/F4:theta_asym", "F3/F4:alpha_asym", "F3/F4:beta_asym", "FC5/FC6:theta_asym", "FC5/FC6:alpha_asym", "FC5/FC6:beta_asym", "frontal_midline_theta", "erp_p300", "erp_frn"]}