{"mean": [7.465849936008453, 0.7957637384533882, 0.9923840053379536, 2.6052606105804443, 8.492836236953735, 1.2750656753778458, 1.56323803961277, 2.9620426297187805, 4.921009838581085, 0.38808100298047066, 0.5609540231525898, 2.0269622951745987, 15.501924335956573, 0.9337331906426698, 1.9194112941622734, 3.592385768890381, 7.784142076969147, 1.4704432860016823, 1.302279643714428, 2.228010907769203, 8.919416725635529, 1.6667570546269417, 1.71832475066185, 2.7618442475795746, 9.40897524356842, 2.0897498577833176, 1.0146081056445837, 2.3893078714609146, 6.123193323612213, 1.134088046848774, 1.4412681087851524, 2.493753731250763, 4.997132241725922, 0.29438910726457834, 0.835228506475687, 1.7210379242897034, 7.548007607460022, 0.9744124431163073, 1.3540854528546333, 2.5195654779672623, 5.004290550947189, 0.5085732652805746, 0.7415731223300099, 1.672457069158554, 7.712932646274567, 1.3975487351417542, 1.8660845756530762, 2.624552458524704, 7.464839160442352, 0.780727444216609, 1.372176043689251, 2.828929603099823, 10.04529333114624, 1.9178242459893227, 1.8817846328020096, 3.136667549610138, 0.1963137872517109, 0.4160451143980026, 0.5338333006948233, 0.47930196579545736, 0.5708540380001068, 0.3567819967865944, 0.5456521669402719, 1.3584572924301028, 1.5654234737157822, -0.9556618072092533, 0.42665999848395586, 0.10444587434176356, 1.102746918797493, -0.5525398403406143, 0.133811941370368], "std": [2.7822121934507185, 1.2102057873420926, 0.5253047854062387, 0.31048056759592046, 2.266797666807572, 0.9366906064102837, 0.3774498553735206, 0.3257484730762643, 0.564300360279891, 0.30533838648794137, 0.340670058062391, 0.35372082956194395, 15.457001882952138, 1.0209050731357727, 1.123551609590206, 1.4272029601607745, 3.609409863824461, 1.0390346282364202, 0.7060233239772845, 0.705103809595341, 3.0402098510617925, 0.750008551070964, 0.3890363263203774, 0.4186830352093069, 1.8085336299756885, 0.5318906647043562, 0.5052984178112427, 0.5829702768804043, 1.1330910252755741, 0.43493606390883377, 0.31740860497373163, 0.307830341162242, 1.7773472906445507, 0.4260905369120918, 0.35027814010527547, 0.17879425764384685, 4.178326756514253, 0.7939547395012673, 0.35690581526942083, 0.8420639552815224, 1.2907117968389625, 0.40834798588587273, 0.4790233199671167, 0.21545735495484442, 2.168673841410541, 0.8513229322085218, 0.5074546592448472, 0.3128773604496088, 2.458950449781944, 0.8541769253449308, 0.37505387729699147, 0.4288393033489347, 3.0412851627388813, 0.7634863612741064, 0.3906005757217069, 0.6050618657776967, 0.5046068760036544, 0.632602622619125, 0.3851412797221677, 0.5486194804461595, 0.3807055463937278, 0.3056277316879813, 0.8977838477195714, 1.2466025994528103, 1.1770549445728085, 0.6221627784571453, 0.39680451155577046, 0.4376347155106004, 0.508373163937335, 4.661691584141242, 2.3837467289220817], "names": ["AF3:std", "AF3:theta_log_power", "AF3:alpha_log_power", "AF3:beta_log_power", "AF4:std", "AF4:theta_log_power", "AF4:alpha_log_power", "AF4:beta_log_power", "F3:std", "F3:theta_log_power", "F3:alpha_log_power", "F3:beta_log_power", "F4:std", "F4:theta_log_power", "F4:alpha_log_power", "F4:beta_log_power", "F7:std", "F7:theta_log_power", "F7:alpha_log_power", "F7:beta_log_power", "F8:std", "F8:theta_log_power", "F8:alpha_log_power", "F8:beta_log_power", "FC5:std", "FC5:theta_log_power", "FC5:alpha_log_power", "FC5:beta_log_power", "FC6:std", "FC6:theta_log_power", "FC6:alpha_log_power", "FC6:beta_log_power", "O1:std", "O1:theta_log_power", "O1:alpha_log_power", "O1:beta_log_power", "O2:std", "O2:theta_log_power", "O2:alpha_log_power", "O2:beta_log_power", "P7:std", "P7:theta_log_power", "P7:alpha_log_power", "P7:beta_log_power", "P8:std", "P8:theta_log_power", "P8:alpha_log_power", "P8:beta_log_power", "T7:std", "T7:theta_log_power", "T7:alpha_log_power", "T7:beta_log_power", "T8:std", "T8:theta_log_power", "T8:alpha_log_power", "T8:beta_log_power", "F7/F8:theta_asym", "F7/F8:alpha_asym", "F7/F8:beta_asym", "AF3/AF4:theta_asym", "AF3/AF4:alpha_asym", "AF3/AF4:beta_asym", "F3/F4:theta_asym", "F3/F4:alpha_asym", "F3/F4:beta_asym", "FC5/FC6:theta_asym", "FC5/FC6:alpha_asym", "FC5/FC6:beta_asym", "frontal_midline_theta", "erp_p300", "erp_frn"]}