{"mean": [13.748947739601135, 2.6798627972602844, 1.5810780301690102, 2.0572050660848618, 15.54935371875763, 2.8289448022842407, 1.8518108949065208, 2.076496973633766, 5.619129657745361, 0.7372280955314636, 0.9641002267599106, 1.7390768826007843, 6.960625410079956, 1.6985828429460526, 1.6442941278219223, 2.2438314706087112, 9.840062499046326, 1.9230150505900383, 1.633112870156765, 2.07082200050354, 14.423777461051941, 2.564176246523857, 2.1321610659360886, 2.4557971954345703, 6.337258279323578, 1.1505094431340694, 1.1157342419028282, 1.7602063566446304, 8.714095413684845, 1.776321366429329, 1.6514081582427025, 2.2599798142910004, 8.926731765270233, 1.651701882481575, 1.454645223915577, 1.9572215378284454, 11.00184416770935, 2.3852697610855103, 2.387941285967827, 2.957346558570862, 8.131109595298767, 1.520630307495594, 1.5542314499616623, 2.1381520181894302, 8.030471086502075, 1.784056019037962, 1.4932708144187927, 2.228105127811432, 13.739895582199097, 2.277478367090225, 1.940347969532013, 2.90527880191803, 19.442920446395874, 3.445177137851715, 2.2846660763025284, 3.1471395790576935, 0.6411612129886635, 0.49904824886471033, 0.38497521728277206, 0.149082024814561, 0.27073281339835376, 0.01929190126247704, 0.9613547846674919, 0.6801938712596893, 0.5047545954585075, 0.625811904668808, 0.5356738828122616, 0.49977346416562796, 1.8119082301855087, -1.3786571100354195, 0.9452382605522871], "std": [1.455500956586335, 0.7104088927312114, 0.3364528934653738, 0.22868904130229034, 4.233853879226471, 0.6197958989147129, 0.6076260860314877, 0.4236285455103337, 0.929234637278929, 0.33717744378153114, 0.21781563175114255, 0.23266707580997084, 1.4622202771248938, 0.34660264244522015, 0.3558356547766467, 0.42399870161552056, 2.8619079875856652, 0.6348472495535407, 0.6120255799580604, 0.33864607225147475, 5.812765131475103, 0.8006176446639228, 0.4489711181071227, 0.39261837520413273, 1.4894550105208755, 0.4853851529195361, 0.21553393712352115, 0.23150857751081877, 2.091976716218986, 0.441210806511685, 0.581820412843638, 0.5065534579368441, 1.7531714156659064, 0.4445405370215368, 0.33675317870896504, 0.38814246590258245, 1.9932001293120494, 0.40408882650434064, 0.45163269963055885, 0.21179231273040466, 2.2999892337285446, 0.4805589541352788, 0.21037144532524726, 0.3400769857422801, 0.7913228175313165, 0.715685360341082, 0.4181109439006831, 0.20371252700986925, 1.959682870450982, 0.25726986204679364, 0.3264962149070234, 0.2946614581746733, 1.851136401510365, 0.557154521802403, 0.47194064439904115, 0.18993139801995593, 0.3927339226488604, 0.34979160747642785, 0.2758985071152067, 0.46698930776631625, 0.4584466074821865, 0.2602477851437393, 0.31632571455220654, 0.36419009979826245, 0.3267554801884099, 0.6015370639741857, 0.5469423183424239, 0.4151718910765205, 0.33895040056790143, 7.054204599872482, 3.2118972694357097], "names": ["AF3:std", "AF3:theta_log_power", "AF3:alpha_log_power", "AF3:beta_log_power", "AF4:std", "AF4:theta_log_power", "AF4:alpha_log_power", "AF4:beta_log_power", "F3:std", "F3:theta_log_power", "F3:alpha_log_power", "F3:beta_log_power", "F4:std", "F4:theta_log_power", "F4:alpha_log_power", "F4:beta_log_power", "F7:std", "F7:theta_log_power", "F7:alpha_log_power", "F7:beta_log_power", "F8:std", "F8:theta_log_power", "F8:alpha_log_power", "F8:beta_log_power", "FC5:std", "FC5:theta_log_power", "FC5:alpha_log_power", "FC5:beta_log_power", "FC6:std", "FC6:theta_log_power", "FC6:alpha_log_power", "FC6:beta_log_power", "O1:std", "O1:theta_log_power", "O1:alpha_log_power", "O1:beta_log_power", "O2:std", "O2:theta_log_power", "O2:alpha_log_power", "O2:beta_log_power", "P7:std", "P7:theta_log_power", "P7:alpha_log_power", "P7:beta_log_power", "P8:std", "P8:theta_log_power", "P8:alpha_log_power", "P8:beta_log_power", "T7:std", "T7:theta_log_power", "T7:alpha_log_power", "T7:beta_log_power", "T8:std", "T8:theta_log_power", "T8:alpha_log_power", "T8:beta_log_power", "F7/F8:theta_asym", "F7/F8:alpha_asym", "F7/F8:beta_asym", "AF3/AF4:theta_asym", "AF3/AF4:alpha_asym", "AF3/AF4:beta_asym", "F3/F4:theta_asym", "F3/F4:alpha_asym", "F3/F4:beta_asym", "FC5/FC6:theta_asym", "FC5/FC6:alpha_asym", "FC5/FC6:beta_asym", "frontal_midline_theta", "erp_p300", "erp_frn"]}