{"mean": [21.33014178276062, 3.03946615755558, 2.1303921788930893, 2.306693732738495, 48.723549604415894, 4.2000767439603806, 3.0023287534713745, 3.2956766188144684, 12.441154658794403, 1.8601607382297516, 1.4051658287644386, 2.1144749373197556, 14.266605913639069, 2.387223184108734, 1.8622390776872635, 2.8058430552482605, 28.445409059524536, 2.8557883352041245, 1.9944854974746704, 2.5436031818389893, 43.33966815471649, 3.8628496676683426, 2.5120772421360016, 3.1548346281051636, 16.53348308801651, 2.2032687813043594, 1.6732375174760818, 2.456015959382057, 17.69741714000702, 2.821543335914612, 2.132947489619255, 3.173129588365555, 15.055729985237122, 2.4362081438302994, 2.331840768456459, 2.8000113666057587, 31.50856387615204, 3.303032100200653, 2.60744908452034, 3.3507239520549774, 21.120300889015198, 2.7463275492191315, 2.153216704726219, 2.767044246196747, 18.198467135429382, 2.5022634863853455, 2.6410107612609863, 3.3002393543720245, 15.6509268283844, 2.685200959444046, 2.2525121718645096, 3.3468436002731323, 28.679887056350708, 3.3474095165729523, 3.0771795511245728, 3.9061640799045563, 1.0070613520219922, 0.5175917316228151, 0.6112314723432064, 1.1606105780228972, 0.8719366155564785, 0.9889828637242317, 0.5270624980330467, 0.4570732469437644, 0.6913681849837303, 0.6182745173573494, 0.45970997400581837, 0.7171135935932398, 2.7519564628601074, 6.820379018783569, 2.659439340233803], "std": [6.450269390792336, 1.0649981105832313, 0.3911655173051884, 0.35884620628041575, 41.99560976025204, 1.5434484736612888, 1.2600674521368485, 0.9968029413021962, 6.380445531964067, 0.6304747906116748, 0.4058894901118939, 0.5495625427594686, 7.126938762250658, 0.6549153826487195, 0.765605294887853, 0.601937261211593, 14.87469721081909, 0.8023546570171612, 0.5539192701589493, 0.5461818708441192, 38.18506865131603, 1.5085818086137963, 0.6978998385934752, 0.5646503930555986, 8.581866985837316, 0.7455823082197518, 0.42622672242180604, 0.4468808821494388, 8.858357400407789, 0.5990642192926743, 0.7352199694382505, 0.5051970863926719, 7.152581616660252, 0.6114296579494246, 0.7020275423706163, 0.6375411246822318, 25.573172899019216, 1.1436803760795147, 0.5005654095731185, 0.45207052640324563, 10.885217222103204, 0.8661082269597166, 0.8883085848106111, 0.780286990529205, 8.115609828747813, 0.7457802067290213, 0.4576530392213079, 0.8438705334564391, 6.4595621717293925, 0.7802052142705476, 0.8449276467888971, 0.6822578440452578, 11.880548881645275, 0.8248760302913186, 0.6701003785904059, 0.8700252409387534, 0.7651383416700617, 0.5422406263092286, 0.31070850416248796, 1.8568848528580937, 1.1099973063619313, 0.9301616745584997, 0.7116663622807108, 0.6123885998019657, 0.21734582777890593, 0.20756055718273217, 0.3910517306095207, 0.39053792036528284, 0.6507109920517482, 12.008310530970258, 4.035655413058765], "names": ["AF3:std", "AF3:theta_log_power", "AF3:alpha_log_power", "AF3:beta_log_power", "AF4:std", "AF4:theta_log_power", "AF4:alpha_log_power", "AF4:beta_log_power", "F3:std", "F3:theta_log_power", "F3:alpha_log_power", "F3:beta_log_power", "F4:std", "F4:theta_log_power", "F4:alpha_log_power", "F4:beta_log_power", "F7:std", "F7:theta_log_power", "F7:alpha_log_power", "F7:beta_log_power", "F8:std", "F8:theta_log_power", "F8:alpha_log_power", "F8:beta_log_power", "FC5:std", "FC5:theta_log_power", "FC5:alpha_log_power", "FC5:beta_log_power", "FC6:std", "FC6:theta_log_power", "FC6:alpha_log_power", "FC6:beta_log_power", "O1:std", "O1:theta_log_power", "O1:alpha_log_power", "O1:beta_log_power", "O2:std", "O2:theta_log_power", "O2:alpha_log_power", "O2:beta_log_power", "P7:std", "P7:theta_log_power", "P7:alpha_log_power", "P7:beta_log_power", "P8:std", "P8:theta_log_power", "P8:alpha_log_power", "P8:beta_log_power", "T7:std", "T7:theta_log_power", "T7:alpha_log_power", "T7:beta_log_power", "T8:std", "T8:theta_log_power", "T8:alpha_log_power", "T8:beta_log_power", "F7/F8:theta_asym", "F7/F8:alpha_asym", "F7/F8:beta_asym", "AF3/AF4:theta_asym", "AF3/AF4:alpha_asym", "AF3/AF4:beta_asym", "F3/F4:theta_asym", "F3/F4:alpha_asym", "F3/F4:beta_asym", "FC5/FC6:theta_asym", "FC5/FC6:alpha_asym", "FC5/FC6:beta_asym", "frontal_midline_theta", "erp_p300", "erp_frn"]}