{"mean": [12.785470724105835, 2.358274072408676, 2.6897040009498596, 3.5768531262874603, 13.828318476676941, 2.3950845077633858, 2.649763196706772, 3.440394103527069, 10.765425205230713, 2.0575126707553864, 2.4499635696411133, 2.9528323113918304, 17.882497191429138, 2.8340393155813217, 2.6216850876808167, 3.0613721907138824, 14.885947346687317, 2.3193257227540016, 2.591270849108696, 2.673851102590561, 12.062747180461884, 2.304533764719963, 2.259649246931076, 2.638231635093689, 10.168707430362701, 1.773324154317379, 1.9452899992465973, 2.577865570783615, 12.304856896400452, 2.47085040807724, 2.5317271947860718, 3.090350091457367, 9.321123957633972, 1.4907618537545204, 1.9301251024007797, 2.0141736567020416, 11.9498370885849, 2.4137152582406998, 3.229091376066208, 2.9940208196640015, 11.90992122888565, 1.8119484633207321, 2.097344547510147, 2.2793965190649033, 13.15876591205597, 2.697093278169632, 3.5206180214881897, 3.183685779571533, 13.326967716217041, 2.1619827896356583, 2.337999790906906, 3.0352563858032227, 19.865432500839233, 3.145542562007904, 3.3362841606140137, 3.430011063814163, -0.014792017638683319, -0.3316216357052326, -0.03561943583190441, 0.036810437217354774, -0.039940798189491034, -0.13645902136340737, 0.7765266690403223, 0.17172147007659078, 0.10853990446776152, 0.6975262742489576, 0.5864371191710234, 0.5124845090322196, 2.3148475140333176, -1.9768022559583187, 1.2042874870821834], "std": [2.9555287283147393, 0.6372481204818381, 0.5110704139360097, 0.41498635480071533, 4.003360961990523, 0.8506421768342444, 0.469760493636673, 0.3044337679600958, 2.2432742410673367, 0.4017631184838419, 0.5842381089576353, 0.43548062776751717, 8.831524116532012, 0.9051743031019168, 0.4269635858362061, 0.19375247733298295, 5.63242261549928, 0.7935546752488281, 0.6337597078896499, 0.2751618902900578, 4.059446834507424, 1.009723880871112, 0.8328336915727099, 0.4789654714472083, 2.612646863019102, 0.672016512002584, 0.7032845345585772, 0.15057318692295318, 1.4233756961834285, 0.2576023380817846, 0.23949983604166317, 0.43404560012623367, 2.394551284323412, 0.608034190064015, 0.5806468439056762, 0.24316243096655302, 3.4409655295809456, 0.2942551556607514, 1.4663431072722355, 0.3736544499110033, 3.320418601209633, 0.757694483513522, 0.6648767834408349, 0.3328536787924831, 3.300191999545776, 0.3635220748350909, 1.1929996968928749, 0.33993356833464605, 3.8543935512420338, 0.611504267968164, 0.6299207800101059, 0.3866976623372752, 6.641357187027401, 0.3644721621999402, 0.5376916516831421, 0.3576351928387403, 1.1763281552663591, 0.923016760506887, 0.4549493505937776, 0.5264064841470568, 0.29778630487933816, 0.4094672483681805, 0.9971033534999714, 0.46838237414224226, 0.356925325861139, 0.5393123675615974, 0.6290296164150417, 0.4007100198444633, 0.39671352294329126, 6.189432155236763, 7.882707492308906], "names": ["AF3:std", "AF3:theta_log_power", "AF3:alpha_log_power", "AF3:beta_log_power", "AF4:std", "AF4:theta_log_power", "AF4:alpha_log_power", "AF4:beta_log_power", "F3:std", "F3:theta_log_power", "F3:alpha_log_power", "F3:beta_log_power", "F4:std", "F4:theta_log_power", "F4:alpha_log_power", "F4:beta_log_power", "F7:std", "F7:theta_log_power", "F7:alpha_log_power", "F7:beta_log_power", "F8:std", "F8:theta_log_power", "F8:alpha_log_power", "F8:beta_log_power", "FC5:std", "FC5:theta_log_power", "FC5:alpha_log_power", "FC5:beta_log_power", "FC6:std", "FC6:theta_log_power", "FC6:alpha_log_power", "FC6:beta_log_power", "O1:std", "O1:theta_log_power", "O1:alpha_log_power", "O1:beta_log_power", "O2:std", "O2:theta_log_power", "O2:alpha_log_power", "O2:beta_log_power", "P7:std", "P7:theta_log_power", "P7:alpha_log_power", "P7:beta_log_power", "P8:std", "P8:theta_log_power", "P8:alpha_log_power", "P8:beta_log_power", "T7:std", "T7:theta_log_power", "T7:alpha_log_power", "T7:beta_log_power", "T8:std", "T8:theta_log_power", "T8:alpha_log_power", "T8:beta_log_power", "F7/F8:theta_asym", "F7/F8:alpha_asym", "F7/F8:beta_asym", "AF3/AF4:theta_asym", "AF3/AF4:alpha_asym", "AF3/AF4:beta_asym", "F3/F4:theta_asym", "F3/F4:alpha_asym", "F3/F4:beta_asym", "FC5/FC6:theta_asym", "FC5/FC6:alpha_asym", "FC5/FC6:beta_asym", "frontal_midline_theta", "erp_p300", "erp_frn"]}