{"mean": [11.772400140762329, 1.92000375315547, 1.9802723675966263, 3.438826560974121, 11.789733409881592, 2.02406957000494, 2.173643618822098, 3.621953547000885, 13.456990599632263, 2.3692668974399567, 2.016969919204712, 3.263540416955948, 11.433427155017853, 2.202709347009659, 2.27960766851902, 3.438659816980362, 11.438753306865692, 2.229079455137253, 1.7571059316396713, 2.470094710588455, 7.831833720207214, 1.70102159678936, 1.652657151222229, 2.4544922709465027, 8.800643026828766, 1.3838849905878305, 1.2881190478801727, 1.9405584931373596, 13.732252955436707, 2.518181324005127, 2.2015476673841476, 3.628342866897583, 8.884313762187958, 1.3506015725433826, 1.483423464000225, 2.1966616064310074, 10.780033886432648, 2.2877966463565826, 2.8130051493644714, 2.923023998737335, 9.3483527302742, 1.3611824475228786, 1.5678086876869202, 2.5018344819545746, 14.5797278881073, 2.5401301831007004, 2.651351198554039, 2.819232761859894, 11.150955498218536, 1.6706068888306618, 2.022615924477577, 3.0536394119262695, 18.976158142089844, 2.8273036777973175, 2.6443861722946167, 3.054732173681259, -0.5280578248202801, -0.10444878600537777, -0.015602432191371918, 0.10406577028334141, 0.1933712214231491, 0.18312691769097, -0.16655752435326576, 0.26263774069957435, 0.1751193943200633, 1.1342963594943285, 0.9134285934269428, 1.6877843588590622, 2.0696859657764435, 0.07273147627711296, -0.3613337427377701], "std": [5.021445601775895, 1.2448175806791575, 0.613880585141366, 0.2660359022382004, 4.363927992756845, 1.1715794884865718, 0.3888572356757894, 0.23640988244866595, 4.6148876883355205, 0.35054897171086685, 0.5351198694288074, 0.3622425022927301, 3.545609888680646, 0.7744592273867299, 0.47146860207655905, 0.16472192694118054, 4.995403824311128, 0.8588397316744879, 0.5758151762260053, 0.2556508029795833, 2.1711285987498785, 0.4111888083068897, 0.40088806038040997, 0.3107862045785373, 4.8878992774902015, 1.0723317044479754, 0.5815504953059087, 0.23794135269956676, 1.8877565947789068, 0.47080386711558553, 0.2509642030907197, 0.18443697760696814, 4.070881637704148, 0.8996004223994706, 0.3838813671576022, 0.24624887219234762, 2.991878548227571, 0.6243171695929358, 0.5652581647593033, 0.24464736344434296, 4.927715348050213, 0.9942630705899347, 0.4990179359686301, 0.26396261205354854, 5.412647101664428, 0.8280452677686064, 0.6464196005104856, 0.16796567710172677, 5.3383358551803965, 1.0585133289416728, 0.4944117182643343, 0.27751957741398464, 9.122296663280093, 0.6657101827452678, 0.6687859437698294, 0.2793573657636667, 0.7139800721097849, 0.7275237208987365, 0.49330482502286604, 0.7142388642845842, 0.709373863672052, 0.30593316737045445, 0.7810786919440207, 0.32759375667365315, 0.30955644019017176, 0.6385650356474841, 0.4864870757614917, 0.25195903306014017, 0.7343445110655002, 2.918325476976759, 3.763252307909133], "names": ["AF3:std", "AF3:theta_log_power", "AF3:alpha_log_power", "AF3:beta_log_power", "AF4:std", "AF4:theta_log_power", "AF4:alpha_log_power", "AF4:beta_log_power", "F3:std", "F3:theta_log_power", "F3:alpha_log_power", "F3:beta_log_power", "F4:std", "F4:theta_log_power", "F4:alpha_log_power", "F4:beta_log_power", "F7:std", "F7:theta_log_power", "F7:alpha_log_power", "F7:beta_log_power", "F8:std", "F8:theta_log_power", "F8:alpha_log_power", "F8:beta_log_power", "FC5:std", "FC5:theta_log_power", "FC5:alpha_log_power", "FC5:beta_log_power", "FC6:std", "FC6:theta_log_power", "FC6:alpha_log_power", "FC6:beta_log_power", "O1:std", "O1:theta_log_power", "O1:alpha_log_power", "O1:beta_log_power", "O2:std", "O2:theta_log_power", "O2:alpha_log_power", "O2:beta_log_power", "P7:std", "P7:theta_log_power", "P7:alpha_log_power", "P7:beta_log_power", "P8:std", "P8:theta_log_power", "P8:alpha_log_power", "P8:beta_log_power", "T7:std", "T7:theta_log_power", "T7:alpha_log_power", "T7:beta_log_power", "T8:std", "T8:theta_log_power", "T8:alpha_log_power", "T8:beta_log_power", "F7/F8:theta_asym", "F7/F8:alpha_asym", "F7/F8:beta_asym", "AF3/AF4:theta_asym", "AF3/AF4:alpha_asym", "AF3/AF4:beta_asym", "F3/F4:theta_asym", "F3/F4:alpha_asym", "F3/F4:beta_asym", "FC5/FC6:theta_asym", "FC5/FC6:alpha_asym", "FC5/FC6:beta_asym", "frontal_midline_theta", "erp_p300", "erp_frn"]}