{"mean": [17.45973837375641, 3.077503263950348, 2.2062425762414932, 3.44870787858963, 27.783604741096497, 3.522381827235222, 2.6116607636213303, 3.723956823348999, 9.94721382856369, 1.8920054361224174, 1.520018070936203, 3.2286463379859924, 73.61354649066925, 4.30854631960392, 4.819284543395042, 7.259249359369278, 23.8581200838089, 3.6308962404727936, 2.593247815966606, 3.569694936275482, 36.287062883377075, 4.343830019235611, 3.4477793276309967, 4.005028545856476, 17.045599102973938, 2.6661314368247986, 2.1511701494455338, 3.909500926733017, 19.617509722709656, 3.0234205424785614, 2.5015660524368286, 4.0698279440402985, 12.762349009513855, 2.2215560525655746, 2.5147699266672134, 3.785410076379776, 12.99612295627594, 2.4435711055994034, 2.462565690279007, 3.537150889635086, 13.862981677055359, 2.0483789891004562, 2.3646945357322693, 3.77194344997406, 13.039846301078796, 2.3496456891298294, 2.3755124509334564, 3.66230970621109, 21.871148824691772, 2.7281333208084106, 2.984103709459305, 4.688861072063446, 19.912397265434265, 2.267537608742714, 2.4020585268735886, 4.963756740093231, 0.7129337254446, 0.8545314343646169, 0.4353335299529135, 0.44487859308719635, 0.4054182078689337, 0.27524892752990127, 2.4165408089756966, 3.2992664240300655, 4.0306031331419945, 0.3572890942450613, 0.35039585549384356, 0.1603270013583824, 3.0816648304462433, -2.4846830256283283, -2.6605846881866455], "std": [4.588554759132795, 0.4693458879973872, 0.40096986482507585, 0.7515123366353118, 14.084862769902607, 0.8479831099832128, 0.5101349816526305, 0.5202785179522345, 2.4765164641508846, 0.8111602567550598, 0.21566001613100425, 0.6701735060191243, 38.59194600448896, 1.6170197684578622, 2.0224669088920213, 2.4276559717986754, 9.878177673387597, 0.6888260958354072, 0.4562462302090048, 0.6136986852026164, 13.441778526127155, 0.7630831636426735, 0.8085456870920344, 0.5988505608711541, 4.2148093042300845, 0.7261464620531818, 0.5604128337306546, 0.4084508769220351, 7.747031252130649, 0.9901943887558415, 0.4948498009999714, 0.45130722272028984, 2.021272776641029, 0.4098488227544554, 0.500764919769708, 0.619731967216323, 1.773211052183638, 0.3480759301683904, 0.19814151769821955, 0.5868371628526923, 3.473955866721542, 0.3563572176086023, 0.5069896808022574, 0.4889928094597718, 2.0361400126481484, 0.3959469726696387, 0.5185392616784643, 0.6023864444932306, 9.91001256102154, 0.7490987937091851, 0.3242390651578587, 0.39381422578015096, 4.307303610429035, 0.47206115227395146, 0.4133923111674494, 0.483031836766125, 0.8553782202400926, 0.7468848301327052, 0.43843580692952216, 0.766645687717445, 0.5252147674016392, 0.33319045138843767, 1.5627776982203923, 2.043211879597964, 1.8336236815832108, 0.5411678196605472, 0.3943061944613707, 0.28821595844576614, 0.6217633266400826, 17.17335153655556, 14.311118008554601], "names": ["AF3:std", "AF3:theta_log_power", "AF3:alpha_log_power", "AF3:beta_log_power", "AF4:std", "AF4:theta_log_power", "AF4:alpha_log_power", "AF4:beta_log_power", "F3:std", "F3:theta_log_power", "F3:alpha_log_power", "F3:beta_log_power", "F4:std", "F4:theta_log_power", "F4:alpha_log_power", "F4:beta_log_power", "F7:std", "F7:theta_log_power", "F7:alpha_log_power", "F7:beta_log_power", "F8:std", "F8:theta_log_power", "F8:alpha_log_power", "F8:beta_log_power", "FC5:std", "FC5:theta_log_power", "FC5:alpha_log_power", "FC5:beta_log_power", "FC6:std", "FC6:theta_log_power", "FC6:alpha_log_power", "FC6:beta_log_power", "O1:std", "O1:theta_log_power", "O1:alpha_log_power", "O1:beta_log_power", "O2:std", "O2:theta_log_power", "O2:alpha_log_power", "O2:beta_log_power", "P7:std", "P7:theta_log_power", "P7:alpha_log_power", "P7:beta_log_power", "P8:std", "P8:theta_log_power", "P8:alpha_log_power", "P8:beta_log_power", "T7:std", "T7:theta_log_power", "T7:alpha_log_power", "T7:beta_log_power", "T8:std", "T8:theta_log_power", "T8:alpha_log_power", "T8:beta_log_power", "F7/F8:theta_asym", "F7/F8:alpha_asym", "F7/F8:beta_asym", "AF3/AF4:theta_asym", "AF3/AF4:alpha_asym", "AF3/AF4:beta_asym", "F3/F4:theta_asym", "F3/F4:alpha_asym", "F3/F4:beta_asym", "FC5/FC6:theta_asym", "FC5/FC6:alpha_asym", "FC5/FC6:beta_asym", "frontal_midline_theta", "erp_p300", "erp_frn"]}